{
	"data": [
		{
			"individu": {
				"idClient": 1,
				"type": "Individu",
				"adresse": "8487 Arvid Lakes",
				"prenom": "Terrell",
				"nom": "Upton",
				"email": "Gordon63@yahoo.com",
				"details": {
					"idDetails": 1,
					"rue": "Rice Manors",
					"ville": "Neilberg",
					"province": "Hawaii"
				}
			}
		},
		{
			"individu": {
				"idClient": 2,
				"type": "Individu",
				"adresse": "9759 Breanna Heights",
				"prenom": "Mohammed",
				"nom": "Kautzer",
				"email": "Conrad.Schulist76@yahoo.com",
				"details": {
					"idDetails": 2,
					"rue": "Fadel Shore",
					"ville": "East Roslynhaven",
					"province": "New York"
				}
			}
		},
		{
			"entreprise": {
				"idClient": 3,
				"type": "Entreprise",
				"adresse": "97879 Cornelius Burgs",
				"nom": "Ryan - Hauck",
				"phone": "486-531-3872",
				"fax": "616-306-2292",
				"details": {
					"idDetails": 3,
					"rue": "Wilkinson Green",
					"ville": "Mannfort",
					"province": "Delaware"
				},
				"contact": {
					"prenom": "Ocie",
					"nom": "Dickinson",
					"email": "Jaron50@hotmail.com"
				}
			}
		},
		{
			"entreprise": {
				"idClient": 4,
				"type": "Entreprise",
				"adresse": "030 Runolfsdottir Stream",
				"nom": "Wintheiser - Sipes",
				"phone": "912-895-1991",
				"fax": "633-867-8131",
				"details": {
					"idDetails": 4,
					"rue": "Mitchell Pike",
					"ville": "Lourdesmouth",
					"province": "Idaho"
				},
				"contact": {
					"prenom": "Leta",
					"nom": "Daniel",
					"email": "Tanya_Armstrong87@yahoo.com"
				}
			}
		},
		{
			"individu": {
				"idClient": 5,
				"type": "Individu",
				"adresse": "04267 Doyle Rapids",
				"prenom": "Myra",
				"nom": "Klein",
				"email": "Baron.OConner8@yahoo.com",
				"details": {
					"idDetails": 5,
					"rue": "Bartell Drives",
					"ville": "Joetown",
					"province": "Wyoming"
				}
			}
		}
	]
}