{
	"data": [
		{
			"Droit": {
				"idDroit": "1",
				"type": "Droit-03",
				"dateDebut": "2019-12-05T22:52:56.080Z",
				"dateFin": "2021-02-09T11:33:50.503Z"
			}
		},
		{
			"Produit": {
				"id": 1,
				"nom": "Ergonomic Wooden Mouse",
				"description": "Integrated modular synergy",
				"option": {
					"id": 1,
					"nom": "Cotton",
					"description": "Refined"
				},
				"produit": {
					"id": 1000001,
					"nom": "Fantastic Wooden Ball",
					"description": "Reverse-engineered asymmetric framework",
					"option": {
						"id": 1,
						"nom": "Concrete",
						"description": "Practical"
					}
				}
			}
		},
		{
			"DroitProduit": {
				"droit": {
					"idDroit": "1",
					"type": "Droit-03",
					"dateDebut": "2019-12-05T22:52:56.080Z",
					"dateFin": "2021-02-09T11:33:50.503Z"
				},
				"produit": {
					"id": 1,
					"nom": "Ergonomic Wooden Mouse",
					"description": "Integrated modular synergy",
					"option": {
						"id": 1,
						"nom": "Cotton",
						"description": "Refined"
					},
					"produit": {
						"id": 1000001,
						"nom": "Fantastic Wooden Ball",
						"description": "Reverse-engineered asymmetric framework",
						"option": {
							"id": 1,
							"nom": "Concrete",
							"description": "Practical"
						}
					}
				}
			}
		},
		{
			"Droit": {
				"idDroit": "2",
				"type": "Droit-01",
				"dateDebut": "2020-06-11T14:12:55.149Z",
				"dateFin": "2021-06-01T09:29:49.774Z"
			}
		},
		{
			"Produit": {
				"id": 2,
				"nom": "Sleek Frozen Soap",
				"description": "Open-architected clear-thinking matrices",
				"option": {
					"id": 2,
					"nom": "Plastic",
					"description": "Rustic"
				},
				"produit": {
					"id": 1000002,
					"nom": "Practical Metal Cheese",
					"description": "Compatible fresh-thinking analyzer",
					"option": {
						"id": 2,
						"nom": "Rubber",
						"description": "Awesome"
					}
				}
			}
		},
		{
			"DroitProduit": {
				"droit": {
					"idDroit": "2",
					"type": "Droit-01",
					"dateDebut": "2020-06-11T14:12:55.149Z",
					"dateFin": "2021-06-01T09:29:49.774Z"
				},
				"produit": {
					"id": 2,
					"nom": "Sleek Frozen Soap",
					"description": "Open-architected clear-thinking matrices",
					"option": {
						"id": 2,
						"nom": "Plastic",
						"description": "Rustic"
					},
					"produit": {
						"id": 1000002,
						"nom": "Practical Metal Cheese",
						"description": "Compatible fresh-thinking analyzer",
						"option": {
							"id": 2,
							"nom": "Rubber",
							"description": "Awesome"
						}
					}
				}
			}
		},
		{
			"Droit": {
				"idDroit": "3",
				"type": "Droit-01",
				"dateDebut": "2019-12-01T22:32:17.130Z",
				"dateFin": "2020-12-22T21:43:51.390Z"
			}
		},
		{
			"Produit": {
				"id": 3,
				"nom": "Handmade Frozen Towels",
				"description": "Networked regional firmware",
				"option": {
					"id": 3,
					"nom": "Concrete",
					"description": "Incredible"
				},
				"produit": {
					"id": 1000003,
					"nom": "Refined Concrete Hat",
					"description": "Advanced multi-tasking concept",
					"option": {
						"id": 3,
						"nom": "Cotton",
						"description": "Ergonomic"
					}
				}
			}
		},
		{
			"DroitProduit": {
				"droit": {
					"idDroit": "3",
					"type": "Droit-01",
					"dateDebut": "2019-12-01T22:32:17.130Z",
					"dateFin": "2020-12-22T21:43:51.390Z"
				},
				"produit": {
					"id": 3,
					"nom": "Handmade Frozen Towels",
					"description": "Networked regional firmware",
					"option": {
						"id": 3,
						"nom": "Concrete",
						"description": "Incredible"
					},
					"produit": {
						"id": 1000003,
						"nom": "Refined Concrete Hat",
						"description": "Advanced multi-tasking concept",
						"option": {
							"id": 3,
							"nom": "Cotton",
							"description": "Ergonomic"
						}
					}
				}
			}
		},
		{
			"Droit": {
				"idDroit": "4",
				"type": "Droit-02",
				"dateDebut": "2020-03-09T08:15:37.128Z",
				"dateFin": "2021-01-31T01:52:49.278Z"
			}
		},
		{
			"Produit": {
				"id": 4,
				"nom": "Handcrafted Plastic Mouse",
				"description": "Open-architected interactive algorithm",
				"option": {
					"id": 4,
					"nom": "Fresh",
					"description": "Fantastic"
				},
				"produit": {
					"id": 1000004,
					"nom": "Ergonomic Rubber Salad",
					"description": "Ergonomic motivating contingency",
					"option": {
						"id": 4,
						"nom": "Wooden",
						"description": "Fantastic"
					}
				}
			}
		},
		{
			"DroitProduit": {
				"droit": {
					"idDroit": "4",
					"type": "Droit-02",
					"dateDebut": "2020-03-09T08:15:37.128Z",
					"dateFin": "2021-01-31T01:52:49.278Z"
				},
				"produit": {
					"id": 4,
					"nom": "Handcrafted Plastic Mouse",
					"description": "Open-architected interactive algorithm",
					"option": {
						"id": 4,
						"nom": "Fresh",
						"description": "Fantastic"
					},
					"produit": {
						"id": 1000004,
						"nom": "Ergonomic Rubber Salad",
						"description": "Ergonomic motivating contingency",
						"option": {
							"id": 4,
							"nom": "Wooden",
							"description": "Fantastic"
						}
					}
				}
			}
		},
		{
			"Droit": {
				"idDroit": "5",
				"type": "Droit-02",
				"dateDebut": "2020-06-29T20:27:02.601Z",
				"dateFin": "2021-04-08T09:57:16.049Z"
			}
		},
		{
			"Produit": {
				"id": 5,
				"nom": "Handcrafted Wooden Tuna",
				"description": "Decentralized uniform core",
				"option": {
					"id": 5,
					"nom": "Soft",
					"description": "Incredible"
				},
				"produit": {
					"id": 1000005,
					"nom": "Gorgeous Concrete Shoes",
					"description": "Managed regional firmware",
					"option": {
						"id": 5,
						"nom": "Plastic",
						"description": "Refined"
					}
				}
			}
		},
		{
			"DroitProduit": {
				"droit": {
					"idDroit": "5",
					"type": "Droit-02",
					"dateDebut": "2020-06-29T20:27:02.601Z",
					"dateFin": "2021-04-08T09:57:16.049Z"
				},
				"produit": {
					"id": 5,
					"nom": "Handcrafted Wooden Tuna",
					"description": "Decentralized uniform core",
					"option": {
						"id": 5,
						"nom": "Soft",
						"description": "Incredible"
					},
					"produit": {
						"id": 1000005,
						"nom": "Gorgeous Concrete Shoes",
						"description": "Managed regional firmware",
						"option": {
							"id": 5,
							"nom": "Plastic",
							"description": "Refined"
						}
					}
				}
			}
		}
	]
}